,Loc Id,ARP Latitude,ARP Longitude
0,ADK,051-53-00.9000N,176-38-32.9400W
1,7AK,054-08-40.6000N,165-36-14.7900W
2,6A8,066-33-06.6000N,152-37-19.8000W
3,BIG,063-59-42.6000N,145-43-12.2000W
4,AK15,070-20-39.4000N,150-56-41.1000W
5,BET,060-46-42.8000N,161-50-13.8000W
6,BGQ,061-32-04.8600N,149-48-45.1700W
7,9A3,061-34-44.6000N,159-12-56.3000W
8,CDB,055-12-21.3000N,162-43-34.5000W
9,DLG,059-02-40.8000N,158-30-19.8000W
10,GAL,064-44-10.2800N,156-56-04.4000W
11,EDF,061-15-04.8700N,149-48-23.4900W
12,FAI,064-48-55.2800N,147-51-24.0000W
13,FYU,066-34-20.7000N,145-14-46.8000W
14,GKN,062-09-15.6000N,145-27-19.0500W
15,GST,058-25-31.0000N,135-42-26.7000W
16,HNS,059-14-37.7900N,135-31-24.7400W
17,HOM,059-38-41.9800N,151-29-08.9100W
18,HPB,061-31-25.9300N,166-08-47.8400W
19,HLA,065-41-52.3000N,156-21-05.0000W
20,JNU,058-21-16.9600N,134-34-42.4900W
21,ENA,060-34-23.8000N,151-14-41.4000W
22,KTN,055-21-14.7000N,131-42-40.4000W
23,KVC,055-06-58.9800N,162-15-59.5300W
24,ADQ,057-44-59.2600N,152-29-38.2000W
25,FBK,064-50-15.4000N,147-36-52.1700W
26,MLY,064-59-16.6000N,150-38-51.3000W
27,MCG,062-57-10.0200N,155-36-25.3700W
28,CDV,060-29-29.9000N,145-28-39.2100W
29,MRI,061-12-48.7700N,149-50-40.9500W
30,ENN,064-32-50.2800N,149-04-26.1300W
31,OME,064-30-45.2000N,165-26-39.8000W
32,NUL,064-43-45.6000N,158-04-27.2000W
33,PSG,056-48-05.3000N,132-56-46.4000W
34,TAL,065-10-27.8000N,152-06-29.2000W
35,SDP,055-18-49.3000N,160-31-17.1300W
36,SIT,057-02-48.6000N,135-21-39.8500W
37,SXQ,060-28-30.5000N,151-02-22.7000W
38,PBV,056-34-38.5000N,169-39-49.4000W
39,SNP,057-09-58.7000N,170-13-21.2000W
40,ANC,061-10-26.7000N,149-59-53.3000W
41,6K8,063-19-46.2500N,142-57-13.2600W
42,UBW,070-19-50.4000N,149-35-53.0000W
43,DUT,053-53-56.2000N,166-32-42.1000W
44,VDZ,061-08-03.2000N,146-14-41.1700W
45,PAQ,061-35-41.7000N,149-05-19.4000W
46,BRW,071-17-05.5000N,156-46-06.9000W
47,WRG,056-29-03.6000N,132-22-11.4000W
48,YAK,059-30-11.9600N,139-39-36.9700W
49,BHM,033-33-50.0000N,086-45-08.3000W
50,DHN,031-19-15.7000N,085-26-58.1000W
51,EDN,031-17-59.0000N,085-53-59.4000W
52,BFM,030-37-36.4100N,088-04-05.1300W
53,EET,033-10-40.0000N,086-46-59.6000W
54,LIT,034-43-45.9900N,092-13-29.2000W
55,FYV,036-00-18.3000N,094-10-12.2000W
56,FSM,035-20-11.7100N,094-22-02.8000W
57,JBR,035-49-54.1600N,090-38-47.1200W
58,HOT,034-28-40.9000N,093-05-46.4000W
59,SGT,034-35-58.1200N,091-34-30.0000W
60,TXK,033-27-13.4000N,093-59-27.7000W
61,P20,034-08-59.4000N,114-16-04.2000W
62,P52,034-43-48.2000N,112-02-06.4900W
63,DMA,032-09-58.9100N,110-52-59.4100W
64,FFZ,033-27-39.0300N,111-43-41.9700W
65,FLG,035-08-25.1400N,111-40-09.2700W
66,GEU,033-31-36.9000N,112-17-42.5000W
67,88AZ,033-38-27.2700N,111-03-24.9000W
68,IGM,035-15-34.1200N,113-56-16.9800W
69,HII,034-34-16.0500N,114-21-29.8000W
70,IFP,035-09-16.6100N,114-33-33.6000W
71,AVQ,032-24-34.4000N,111-13-06.2000W
72,OLS,031-25-03.8000N,110-50-52.4000W
73,PGA,036-55-33.8500N,111-26-54.0600W
74,PAN,034-15-24.6100N,111-20-21.3200W
75,DVT,033-41-17.9000N,112-04-57.2000W
76,GYR,033-25-23.8000N,112-22-31.3000W
77,IWA,033-18-28.1700N,111-39-19.6500W
78,PHX,033-26-03.4000N,112-00-41.7000W
79,MZJ,032-30-35.4000N,111-19-31.2000W
80,PRC,034-39-17.4000N,112-25-09.2000W
81,RYN,032-08-31.9600N,111-10-28.4900W
82,SAD,032-51-12.0300N,109-38-06.2900W
83,P13,033-21-11.3000N,110-40-02.5000W
84,SDL,033-37-22.4000N,111-54-37.9000W
85,SEZ,034-50-54.9200N,111-47-18.4100W
86,FHU,031-35-18.5000N,110-20-39.8000W
87,JTC,034-07-45.9000N,109-18-39.1000W
88,TUS,032-06-57.8500N,110-56-27.6500W
89,E25,033-58-14.2700N,112-47-42.3200W
90,INW,035-01-18.8700N,110-43-21.0600W
91,NYL,032-39-23.6700N,114-36-21.5500W
92,APV,034-34-31.2000N,117-11-10.3000W
93,AUN,038-57-17.4000N,121-04-54.2000W
94,DAG,034-51-13.4000N,116-47-12.1000W
95,L35,034-15-49.6000N,116-51-21.7000W
96,BUR,034-12-02.5000N,118-21-31.2000W
97,C83,037-49-42.4000N,121-37-33.0000W
98,ACV,040-58-40.1800N,124-06-30.4900W
99,CMA,034-12-49.5300N,119-05-39.6800W
100,MER,037-22-49.7400N,120-34-05.4700W
101,STS,038-30-34.9000N,122-48-46.4000W
102,CIC,039-47-43.4000N,121-51-30.3000W
103,CNO,033-58-29.2100N,117-38-11.3400W
104,O22,038-01-49.5000N,120-24-52.4000W
105,FAT,036-46-35.6000N,119-43-07.8000W
106,FUL,033-52-19.2500N,117-58-47.2200W
107,WJF,034-44-27.8000N,118-13-07.1000W
108,HAF,037-30-48.4000N,122-30-04.2000W
109,HMT,033-44-02.5000N,117-01-20.3000W
110,CEC,041-46-48.6000N,124-14-11.5000W
111,TRM,033-37-36.0100N,116-09-34.7600W
112,SNA,033-40-32.3800N,117-52-05.6400W
113,TVL,038-53-38.0000N,119-59-43.2000W
114,NLC,036-19-59.2600N,119-57-07.7800W
115,LHM,038-54-33.0000N,121-21-04.8000W
116,LVK,037-41-36.2000N,121-49-13.3000W
117,LGB,033-49-04.5500N,118-09-06.8100W
118,SLI,033-47-24.1100N,118-03-05.1100W
119,LAX,033-56-32.9900N,118-24-28.9700W
120,RIV,033-52-55.0000N,117-15-32.4600W
121,MCC,038-40-03.5000N,121-24-02.2000W
122,CRQ,033-07-41.7000N,117-16-48.3000W
123,BFL,035-26-01.9000N,119-03-27.6000W
124,MCE,037-17-05.1000N,120-30-50.1000W
125,OAK,037-43-16.5400N,122-13-16.1400W
126,MOD,037-37-32.9700N,120-57-15.9500W
127,NUQ,037-24-58.1200N,122-02-56.8700W
128,MRY,036-35-13.0300N,121-50-34.0200W
129,APC,038-12-47.4800N,122-16-50.4700W
130,EED,034-45-58.8500N,114-37-23.8100W
131,SJC,037-21-46.7800N,121-55-43.0300W
132,ONT,034-03-21.6500N,117-36-04.2800W
133,OXR,034-12-02.9000N,119-12-26.0200W
134,PMD,034-37-45.8000N,118-05-04.3900W
135,PSP,033-49-46.8000N,116-30-24.1000W
136,PRB,035-40-22.4000N,120-37-37.5000W
137,PVF,038-43-27.2200N,120-45-11.9100W
138,PTV,036-01-46.5000N,119-03-45.8000W
139,RBL,040-09-01.1000N,122-15-07.9000W
140,RDD,040-30-32.3000N,122-17-36.2000W
141,O32,036-40-15.6000N,119-27-03.7000W
142,FOT,040-33-14.1900N,124-07-57.5600W
143,SAC,038-30-46.3000N,121-29-35.8800W
144,SMF,038-41-43.6000N,121-35-26.8000W
145,MHR,038-33-19.1200N,121-17-49.9600W
146,SNS,036-39-46.0300N,121-36-22.9200W
147,SBD,034-05-43.3000N,117-14-05.6000W
148,SAN,032-44-00.8300N,117-11-22.7900W
149,SFO,037-37-07.7000N,122-22-31.5000W
150,EMT,034-05-09.6300N,118-02-05.4400W
151,SBP,035-14-14.2000N,120-38-33.4000W
152,SBA,034-25-34.2900N,119-50-29.3700W
153,SMX,034-53-59.8000N,120-27-29.1000W
154,MIT,035-30-26.9200N,119-11-31.6700W
155,SIY,041-46-53.2000N,122-28-05.2000W
156,SCK,037-53-39.8800N,121-14-19.4600W
157,TRK,039-19-12.2000N,120-08-22.5000W
158,UKI,039-07-33.4000N,123-12-03.1000W
159,VNY,034-12-35.3000N,118-29-23.9000W
160,WVI,036-56-08.6400N,121-47-22.7000W
161,WHP,034-15-33.5700N,118-24-48.3600W
162,TOA,033-48-12.1800N,118-20-22.5900W
163,ASE,039-13-18.8000N,106-52-05.6000W
164,APA,039-34-12.4300N,104-50-57.4600W
165,COS,038-48-20.9400N,104-42-02.8000W
166,CEZ,037-18-10.8100N,108-37-40.9600W
167,DRO,037-09-05.5000N,107-45-13.6000W
168,EGE,039-38-33.9000N,106-54-57.4000W
169,FMM,040-20-07.6000N,103-48-15.0000W
170,1V6,038-25-42.8200N,105-06-24.6800W
171,GNB,040-05-24.2000N,105-54-59.9000W
172,GJT,039-07-20.7000N,108-31-36.3000W
173,MVI,037-31-43.4100N,106-02-45.2300W
174,MTJ,038-30-35.3000N,107-53-39.3000W
175,FNL,040-27-06.5400N,105-00-40.7700W
176,PUB,038-17-23.8100N,104-29-52.9000W
177,RIL,039-31-35.7800N,107-43-40.7500W
178,BJC,039-54-31.7000N,105-07-01.9000W
179,ALS,037-26-06.4500N,105-52-04.3500W
180,SBS,040-30-58.5400N,106-51-58.6900W
181,HDN,040-28-52.3000N,107-13-03.6000W
182,BDL,041-56-20.5200N,072-41-03.5400W
183,BDR,041-09-48.5300N,073-07-34.2300W
184,GON,041-19-48.2000N,072-02-42.5000W
185,HEF,038-43-15.6800N,077-30-54.3600W
186,IAD,038-56-50.8000N,077-27-35.8000W
187,X21,028-37-21.1900N,080-50-07.4700W
188,BOW,027-56-36.1000N,081-47-00.3000W
189,CEW,030-46-43.7900N,086-31-19.6100W
190,BCT,026-22-42.5500N,080-06-27.7100W
191,BKV,028-28-25.0000N,082-27-19.5000W
192,VQQ,030-13-07.6000N,081-52-37.8000W
193,CLW,027-58-37.9700N,082-45-32.6000W
194,ORL,028-32-43.6600N,081-19-58.5500W
195,FXE,026-11-50.2100N,080-10-14.5400W
196,FLL,026-04-18.0000N,080-08-58.9000W
197,CRG,030-20-10.8000N,081-30-52.0000W
198,JAX,030-29-38.5600N,081-41-16.2500W
199,EYW,024-33-22.0300N,081-45-35.8400W
200,ISM,028-17-23.3000N,081-26-13.4900W
201,LCQ,030-10-55.4000N,082-34-36.7000W
202,LAL,027-59-15.5000N,082-01-08.4000W
203,MKY,025-59-42.1000N,081-40-21.1000W
204,MLB,028-06-09.9000N,080-38-42.9000W
205,MIA,025-47-43.3000N,080-17-24.4200W
206,APF,026-09-08.7900N,081-46-32.3000W
207,EVB,029-03-20.5000N,080-56-56.1000W
208,ECP,030-21-29.6700N,085-47-44.1700W
209,OCF,029-10-18.7600N,082-13-26.8100W
210,MCO,028-25-45.8000N,081-18-32.4000W
211,2R4,030-38-15.4300N,086-59-37.1500W
212,SRQ,027-23-43.6000N,082-33-15.8000W
213,RSW,026-32-10.1900N,081-45-18.5600W
214,TIX,028-30-53.3000N,080-47-57.2000W
215,TLH,030-23-48.3200N,084-21-03.1300W
216,FPR,027-29-50.9000N,080-22-21.5000W
217,VNC,027-04-16.5600N,082-26-24.1200W
218,X60,029-21-16.5800N,082-28-14.0300W
219,SUA,027-10-54.1200N,080-13-16.6600W
220,AHN,033-56-55.1100N,083-19-33.2900W
221,FFC,033-21-27.8000N,084-34-21.1000W
222,HMP,033-23-23.6500N,084-19-51.7300W
223,AGS,033-22-11.8000N,081-57-52.2000W
224,WDR,033-58-57.6800N,083-40-01.9800W
225,CNI,034-18-43.9900N,084-25-19.7500W
226,RYY,034-00-47.4000N,084-35-49.3000W
227,48A,032-24-02.3700N,083-16-42.2600W
228,DNL,033-27-59.7000N,082-02-21.8000W
229,PDK,033-52-33.6100N,084-18-07.3100W
230,18A,034-20-25.3000N,083-07-50.9000W
231,LZU,033-58-41.1300N,083-57-44.5100W
232,AZE,031-53-06.6800N,082-38-52.4100W
233,09J,031-04-28.1000N,081-25-40.0000W
234,JZP,034-27-12.5000N,084-27-26.0000W
235,SAV,032-07-39.3000N,081-12-07.7000W
236,OPN,032-57-18.0100N,084-15-50.7100W
237,VDI,032-11-33.8000N,082-22-16.2000W
238,CTJ,033-37-54.1100N,085-09-08.1500W
239,HNL,021-19-04.1400N,157-55-12.8200W
240,ITO,019-43-12.9500N,155-02-54.4900W
241,OGG,020-53-55.1300N,156-25-49.6500W
242,DBQ,042-24-07.2000N,090-42-34.1000W
243,BOI,043-33-51.7000N,116-13-22.3000W
244,65S,048-43-33.5000N,116-17-42.6000W
245,LLJ,044-31-24.9800N,114-13-04.5800W
246,COE,047-46-27.5000N,116-49-10.5000W
247,SUN,043-30-13.6100N,114-17-44.0100W
248,GIC,045-56-33.6000N,116-07-22.9000W
249,IDA,043-30-49.2200N,112-04-14.9500W
250,JER,042-43-36.0600N,114-27-23.9300W
251,TWF,042-28-54.5100N,114-29-15.8500W
252,SMN,045-07-23.8000N,113-52-53.2000W
253,LWS,046-22-28.1900N,117-00-55.4300W
254,MYL,044-53-19.4800N,116-06-06.3100W
255,MAN,043-34-52.8300N,116-31-23.0300W
256,PIH,042-54-35.2500N,112-35-45.3100W
257,U10,042-06-24.9700N,111-54-45.2500W
258,SZT,048-17-58.3000N,116-33-36.5000W
259,SPI,039-50-40.6100N,089-40-39.1700W
260,RFD,042-11-43.3000N,089-05-50.0000W
261,DPA,041-54-25.3900N,088-14-52.7800W
262,PIA,040-39-51.1000N,089-41-35.7000W
263,MLI,041-26-53.5500N,090-30-27.9700W
264,CPS,038-34-13.3000N,090-09-18.3000W
265,UGN,042-25-19.7300N,087-52-04.5000W
266,BAK,039-15-42.8900N,085-53-46.8200W
267,EVV,038-02-26.9000N,087-31-42.6000W
268,GYY,041-37-02.1000N,087-24-52.3000W
269,IND,039-43-02.3000N,086-17-40.7000W
270,HFY,039-37-39.4000N,086-05-16.9000W
271,LAF,040-24-44.3000N,086-56-12.8000W
272,RID,039-45-21.9000N,084-50-33.7000W
273,AAO,037-44-51.2700N,097-13-16.0200W
274,GCK,037-55-39.1000N,100-43-27.9000W
275,HUT,038-03-58.1600N,097-51-37.7600W
276,LBL,037-02-38.1200N,100-57-35.8900W
277,IAB,037-37-23.2200N,097-16-03.4700W
278,EWK,038-03-25.5700N,097-16-30.8200W
279,TOP,039-04-07.7600N,095-37-20.5500W
280,ICT,037-38-59.8300N,097-25-58.9500W
281,PAH,037-03-37.0400N,088-46-22.6500W
282,SJS,037-45-03.6700N,082-38-12.0700W
283,BWG,036-57-52.3000N,086-25-10.8000W
284,FFT,038-10-54.2300N,084-54-24.3000W
285,GLW,037-01-54.4000N,085-57-13.5200W
286,LOZ,037-05-12.8000N,084-04-38.6000W
287,2I0,037-21-21.3400N,087-23-53.5900W
288,M25,036-46-10.7000N,088-35-04.8000W
289,IOB,038-03-29.3000N,083-58-46.5000W
290,EKQ,036-51-19.0000N,084-51-22.1000W
291,HUM,029-33-59.4100N,090-39-37.5400W
292,LFT,030-12-18.1000N,091-59-15.9000W
293,NEW,030-02-32.7000N,090-01-41.7000W
294,MLU,032-30-38.0000N,092-02-10.0800W
295,SHV,032-26-47.4600N,093-49-33.7400W
296,TVR,032-21-05.8000N,091-01-39.6800W
297,AQW,042-41-46.5100N,073-10-13.9900W
298,OWD,042-11-25.9000N,071-10-22.6000W
299,BWI,039-10-32.6200N,076-40-08.3700W
300,FDK,039-25-01.2800N,077-22-29.0400W
301,BGR,044-48-26.8000N,068-49-41.3000W
302,RKD,044-03-36.5100N,069-05-58.8100W
303,SFM,043-23-37.7000N,070-42-28.8000W
304,LAN,042-46-43.1000N,084-35-10.3000W
305,TVC,044-44-29.6800N,085-34-54.7300W
306,GLR,045-00-46.9000N,084-42-12.4000W
307,OZW,042-37-45.9400N,083-58-55.9000W
308,OSC,044-27-05.5000N,083-23-39.0000W
309,PLN,045-34-15.3000N,084-47-48.2000W
310,SAW,046-20-56.9700N,087-23-46.9400W
311,LWA,042-21-04.7800N,086-15-20.6600W
312,AIT,046-32-54.4600N,093-40-35.8800W
313,ANE,045-08-41.6000N,093-12-36.7000W
314,AUM,043-39-45.5000N,092-55-58.5000W
315,BJI,047-30-38.6000N,094-56-05.0000W
316,BRD,046-24-15.2000N,094-08-01.7000W
317,COQ,046-42-04.0000N,092-30-12.8000W
318,DLH,046-50-31.4500N,092-11-35.6500W
319,ELO,047-49-26.4500N,091-49-45.5500W
320,INL,048-33-56.1200N,093-24-07.8500W
321,FCM,044-49-39.0300N,093-27-30.8600W
322,GPZ,047-12-33.4200N,093-30-35.8000W
323,MKT,044-13-22.0000N,093-55-09.5000W
324,MSP,044-52-55.1000N,093-13-18.4000W
325,HIB,047-23-11.6700N,092-50-20.3200W
326,TWM,047-02-56.9000N,091-44-42.8000W
327,RST,043-54-29.8000N,092-30-00.1000W
328,SGS,044-51-25.7000N,093-01-58.3000W
329,STP,044-56-04.6400N,093-03-37.2300W
330,RRT,048-56-29.3000N,095-20-54.5000W
331,M17,037-35-45.9800N,093-20-51.7100W
332,BBG,036-31-55.5000N,093-12-01.9600W
333,CGI,037-13-31.1000N,089-34-14.7000W
334,MKC,039-07-22.6000N,094-35-34.2000W
335,TKX,036-13-33.1000N,090-02-11.9100W
336,IRK,040-05-36.5000N,092-32-41.7000W
337,AIZ,038-05-45.7000N,092-32-58.1000W
338,MBY,039-27-47.4100N,092-25-33.2000W
339,VIH,038-07-38.7500N,091-46-10.2500W
340,SIK,036-53-56.0000N,089-33-42.3000W
341,SGF,037-14-44.4000N,093-23-19.1000W
342,GTR,033-26-53.8000N,088-35-29.0000W
343,HEZ,031-36-49.1800N,091-17-50.4100W
344,JAN,032-18-40.2000N,090-04-33.2000W
345,MEI,032-19-57.4000N,088-45-06.7000W
346,HSA,030-22-04.1000N,089-27-16.6100W
347,UOX,034-23-03.6000N,089-32-12.5000W
348,VKS,032-14-20.9000N,090-55-41.5000W
349,BHK,046-20-47.8000N,104-15-29.2000W
350,BTM,045-57-17.3000N,112-29-50.9000W
351,6S0,045-48-23.3200N,109-58-41.7200W
352,BIL,045-48-28.2600N,108-32-36.7600W
353,BZN,045-46-38.0500N,111-09-00.9400W
354,CTB,048-36-30.0800N,112-22-34.1400W
355,38S,046-23-16.2000N,112-45-53.8000W
356,DLN,045-15-19.3000N,112-33-09.0000W
357,MLS,046-25-36.7900N,105-53-17.6100W
358,GPI,048-18-37.8000N,114-15-21.6000W
359,GTF,047-28-56.2800N,111-22-13.0100W
360,HLN,046-36-24.2000N,111-58-59.8000W
361,LWT,047-02-57.3000N,109-28-00.1000W
362,LTY,048-30-38.6000N,110-59-27.1100W
363,MSO,046-54-58.7000N,114-05-26.0000W
364,8S1,047-41-43.6000N,114-11-07.0000W
365,HRF,046-15-25.8000N,114-07-25.8400W
366,7S0,047-34-01.8000N,114-06-03.9000W
367,RVF,045-32-07.5000N,112-18-08.2000W
368,SDY,047-42-24.7000N,104-11-33.2000W
369,8S0,048-36-03.6000N,113-06-55.1000W
370,32S,046-31-30.4000N,114-03-10.1000W
371,6S3,045-37-49.8900N,109-14-21.1700W
372,WYS,044-41-18.2000N,111-07-03.5000W
373,AVL,035-26-10.0100N,082-32-31.3700W
374,EQY,035-01-02.7000N,080-37-19.4000W
375,JQF,035-23-15.9700N,080-42-32.8800W
376,MQI,035-55-08.3400N,075-41-43.9300W
377,14A,035-36-49.9300N,080-53-57.9500W
378,SOP,035-14-14.7200N,079-23-20.5200W
379,GSO,036-06-04.7800N,079-56-28.0400W
380,SVH,035-45-54.0000N,080-57-14.0000W
381,BIS,046-46-21.8400N,100-44-44.6600W
382,DIK,046-48-01.7000N,102-48-15.9700W
383,FAR,046-55-14.3000N,096-48-56.7000W
384,JMS,046-55-47.0000N,098-40-41.5000W
385,S25,047-47-34.8000N,103-14-57.6700W
386,XWA,048-15-35.2200N,103-45-02.0000W
387,OMA,041-18-11.4000N,095-53-38.6000W
388,FET,041-26-59.8000N,096-31-16.3000W
389,EAR,040-43-37.3500N,099-00-24.3700W
390,LNK,040-51-03.2100N,096-45-32.8400W
391,LBF,041-07-34.3700N,100-41-01.1500W
392,SNY,041-05-59.1400N,102-59-05.9800W
393,BFF,041-52-26.5000N,103-35-44.3000W
394,EEN,042-53-54.2000N,072-16-14.8000W
395,ACY,039-27-27.3000N,074-34-37.8000W
396,WWD,039-00-30.1300N,074-54-30.6300W
397,MMU,040-47-57.6200N,074-24-53.6000W
398,ALM,032-50-21.9000N,105-59-28.1000W
399,ABQ,035-02-20.1500N,106-36-29.7400W
400,BRG,034-38-45.1000N,106-50-10.8200W
401,CVN,034-25-35.7200N,103-04-39.2900W
402,DMN,032-15-44.6000N,107-43-08.4000W
403,AEG,035-08-41.6700N,106-47-42.6300W
404,FMN,036-44-28.5000N,108-13-47.7900W
405,SVC,032-38-11.5700N,108-09-22.9900W
406,LVS,035-39-15.2000N,105-08-32.6000W
407,ROW,033-17-59.5300N,104-31-45.8300W
408,SAF,035-37-01.6000N,106-05-21.9000W
409,SKX,036-27-06.1000N,105-40-23.1000W
410,BAM,040-35-56.6000N,116-52-27.6000W
411,BVU,035-56-50.3100N,114-51-39.9000W
412,CXP,039-11-32.3000N,119-43-57.2500W
413,INS,036-35-10.8400N,115-40-38.5300W
414,LOL,040-03-59.2800N,118-33-54.3100W
415,EKO,040-49-30.0000N,115-47-28.8000W
416,ELY,039-17-58.8800N,114-50-30.7600W
417,LAS,036-04-48.1600N,115-09-08.0400W
418,HND,035-58-22.2800N,115-08-03.7800W
419,MEV,039-00-01.8000N,119-45-04.0000W
420,VGT,036-12-38.5300N,115-11-40.0000W
421,RTS,039-40-05.4400N,119-52-35.1800W
422,RNO,039-29-56.8000N,119-46-05.2000W
423,POU,041-37-35.7100N,073-53-03.0800W
424,ITH,042-29-28.9000N,076-27-31.4000W
425,PEO,042-38-13.5000N,077-03-10.3000W
426,LUK,039-06-12.0000N,084-25-07.0000W
427,DFI,041-20-15.0000N,084-25-43.7000W
428,TOL,041-35-12.5400N,083-48-28.1800W
429,UNI,039-12-42.8100N,082-13-45.3200W
430,ADH,034-48-15.3400N,096-40-16.3200W
431,ADM,034-18-13.9400N,097-01-14.1500W
432,BVO,036-45-48.1000N,096-00-40.3000W
433,RCE,035-29-17.1000N,097-49-24.8000W
434,6K4,036-17-28.3000N,098-28-32.9000W
435,PNC,036-43-55.0400N,097-05-59.2200W
436,TUL,036-11-54.2200N,095-53-17.1800W
437,OKC,035-23-35.0700N,097-36-02.7400W
438,AST,046-09-28.7000N,123-52-43.0000W
439,UAO,045-14-49.7000N,122-46-12.2000W
440,BKE,044-50-14.4000N,117-48-32.9000W
441,BDN,044-05-40.4200N,121-12-00.8000W
442,BNO,043-35-30.8600N,118-57-19.5700W
443,DLS,045-37-09.6800N,121-10-05.7900W
444,CVO,044-29-48.7500N,123-17-22.0500W
445,LMT,042-09-22.1200N,121-43-59.5400W
446,PDT,045-41-42.3400N,118-50-36.1300W
447,GCD,044-24-10.7400N,118-58-03.7900W
448,77S,043-55-50.7000N,123-00-24.0000W
449,4S2,045-40-22.0000N,121-32-01.9100W
450,LGD,045-17-20.6800N,118-00-22.0500W
451,LKV,042-09-40.0000N,120-23-56.7000W
452,S33,044-40-12.5900N,121-09-18.5400W
453,EUG,044-07-28.5000N,123-12-43.1000W
454,MMV,045-11-40.4000N,123-08-09.8000W
455,SLE,044-54-34.3000N,123-00-09.0000W
456,ONP,044-34-49.3000N,124-03-28.5000W
457,ONO,044-01-09.7000N,117-00-46.9000W
458,22S,042-43-04.7000N,120-33-46.0000W
459,HIO,045-32-31.6400N,122-57-02.6000W
460,PDX,045-35-19.3500N,122-35-48.7300W
461,S39,044-17-16.2800N,120-54-19.7900W
462,RDM,044-15-14.6500N,121-08-59.9000W
463,MFR,042-22-29.8700N,122-52-23.8400W
464,REO,042-34-39.5800N,117-53-07.5500W
465,RBG,043-14-21.6100N,123-21-21.0700W
466,SPB,045-46-15.7000N,122-51-42.6000W
467,OTH,043-25-01.0000N,124-14-49.3000W
468,S21,043-52-34.7300N,121-27-10.9900W
469,TMK,045-25-05.7000N,123-48-51.8000W
470,AGC,040-21-15.9800N,079-55-44.5700W
471,CXY,040-13-01.7000N,076-51-04.9000W
472,PNE,040-04-54.9800N,075-00-38.0800W
473,PHL,039-52-19.5000N,075-14-26.3900W
474,UNV,040-51-00.0000N,077-50-51.3000W
475,AIK,033-38-57.8000N,081-41-06.1000W
476,CHS,032-53-55.1000N,080-02-25.9000W
477,JZI,032-42-03.7000N,080-00-11.7000W
478,GYH,034-45-29.9300N,082-22-35.0900W
479,GMU,034-50-52.6000N,082-21-00.0000W
480,HXD,032-13-28.1800N,080-41-50.6400W
481,CUB,033-58-13.7000N,080-59-42.9000W
482,ABR,045-26-48.4700N,098-25-20.7900W
483,SPF,044-28-51.8000N,103-47-09.6000W
484,YKN,042-55-00.0400N,097-23-09.3500W
485,HON,044-23-06.7000N,098-13-42.8000W
486,FSD,043-34-55.2700N,096-44-30.9300W
487,PIR,044-22-57.7000N,100-17-09.5000W
488,RAP,044-02-43.2000N,103-03-26.5000W
489,HZD,036-05-21.4700N,088-27-47.8800W
490,RZR,035-12-44.4100N,084-47-57.1200W
491,M02,036-07-40.6400N,087-25-47.4200W
492,M29,035-22-58.9200N,087-58-05.7600W
493,PHT,036-20-09.4000N,088-23-04.0000W
494,JWN,036-10-58.8800N,086-53-11.3800W
495,DKX,035-57-49.8000N,083-52-25.2000W
496,M54,036-11-25.4800N,086-18-56.4900W
497,CHA,035-02-06.7000N,085-12-12.8000W
498,TYS,035-48-39.9300N,083-59-38.6400W
499,MKL,035-35-59.5700N,088-54-56.2000W
500,NQA,035-21-23.9000N,089-52-13.5500W
501,MNV,035-32-42.8300N,084-22-49.4400W
502,BNA,036-07-28.1100N,086-40-41.4500W
503,TRI,036-28-30.7500N,082-24-26.7000W
504,ABI,032-24-40.8000N,099-40-54.8000W
505,ADS,032-58-06.8000N,096-50-11.2000W
506,T31,033-12-30.4200N,096-44-30.9900W
507,AUS,030-11-40.3000N,097-40-11.5500W
508,BMT,030-04-12.7400N,094-12-54.3500W
509,BEA,028-21-51.2000N,097-47-31.0000W
510,BPG,032-12-45.4000N,101-31-17.9000W
511,XBP,033-10-26.2500N,097-49-42.3400W
512,BKS,027-12-21.8000N,098-07-15.7000W
513,CDS,034-26-01.6000N,100-17-16.8000W
514,CXO,030-21-12.2200N,095-24-54.3000W
515,CRP,027-46-19.9000N,097-30-08.7000W
516,DAL,032-50-45.4000N,096-51-03.1600W
517,LUD,033-15-15.3000N,097-34-49.8000W
518,DTO,033-12-07.0600N,097-11-56.7500W
519,CLL,030-35-16.9500N,096-21-45.1600W
520,GGG,032-23-02.4000N,094-42-41.4000W
521,EFD,029-36-26.4000N,095-09-31.5000W
522,ELP,031-48-26.4000N,106-22-34.9000W
523,FTW,032-49-11.1700N,097-21-44.8200W
524,GNC,032-40-31.2000N,102-39-09.6000W
525,UVA,029-12-40.8000N,099-44-36.9000W
526,IAH,029-59-03.9700N,095-20-29.1900W
527,GTU,030-40-43.7000N,097-40-45.8000W
528,T82,030-14-35.7000N,098-54-33.1000W
529,DZB,030-31-37.3900N,098-21-31.5200W
530,TME,029-48-18.1000N,095-53-52.4000W
531,AQO,030-47-03.2000N,098-39-35.6000W
532,LBB,033-39-49.2000N,101-49-14.0000W
533,GVT,033-04-04.2000N,096-03-55.2000W
534,MRF,030-22-16.0000N,104-01-03.1000W
535,MAF,031-56-33.1000N,102-12-06.9000W
536,MWL,032-46-53.7800N,098-03-36.6300W
537,ODO,031-55-17.0900N,102-23-13.6800W
538,AFW,032-59-25.3900N,097-19-09.9900W
539,AMA,035-13-09.7000N,101-42-21.3000W
540,SJT,031-21-27.8900N,100-29-46.7000W
541,SAT,029-32-02.2500N,098-28-08.6000W
542,SPS,033-59-19.6800N,098-29-30.8500W
543,SWI,033-37-26.9000N,096-35-10.1000W
544,SSF,029-20-13.1300N,098-28-15.7600W
545,TRL,032-42-30.5800N,096-16-01.5400W
546,VCT,028-51-15.1400N,096-55-07.4400W
547,ACT,031-36-43.9000N,097-13-49.1000W
548,F05,034-13-32.4000N,099-17-01.5000W
549,HOU,029-38-44.8800N,095-16-38.0300W
550,CNY,038-45-27.4700N,109-45-12.4700W
551,PUC,039-36-50.0000N,110-45-05.8000W
552,CDC,037-42-03.4900N,113-05-55.8600W
553,HIF,041-07-26.1800N,111-58-23.0000W
554,DPG,040-11-50.5700N,112-56-06.2000W
555,OGD,041-11-42.2500N,112-00-43.9000W
556,PVU,040-13-09.0000N,111-43-24.1000W
557,RIF,038-44-02.8000N,112-06-05.7000W
558,SLC,040-47-18.2200N,111-58-39.9800W
559,BTF,040-52-05.3400N,111-55-39.0000W
560,U42,040-37-10.3700N,111-59-34.4000W
561,SGU,037-02-10.9600N,113-30-37.0900W
562,VEL,040-26-09.8800N,109-30-41.1200W
563,ENV,040-43-07.4100N,114-01-43.2200W
564,HSP,037-57-05.2000N,079-50-02.0200W
565,JYO,039-04-40.7000N,077-33-27.0000W
566,RIC,037-30-18.6500N,077-19-11.0600W
567,ROA,037-19-31.7000N,079-58-31.5000W
568,RMN,038-23-53.2000N,077-27-19.7000W
569,JFZ,037-03-49.4900N,081-47-53.7600W
570,74S,048-29-54.6200N,122-39-44.8900W
571,S97,048-06-17.0200N,119-43-11.7000W
572,AWO,048-09-38.7000N,122-09-32.5000W
573,BLI,048-47-33.7000N,122-32-15.1000W
574,BFI,047-31-47.9000N,122-18-07.0000W
575,DEW,047-58-01.4000N,117-25-42.9100W
576,SFF,047-40-58.5900N,117-19-20.7300W
577,FHR,048-31-19.1000N,123-01-27.7000W
578,MWH,047-12-30.9000N,119-19-08.9000W
579,TCM,047-08-15.6400N,122-28-35.3100W
580,S52,048-25-29.8100N,120-08-45.1900W
581,OLM,046-58-09.8600N,122-54-09.1600W
582,EAT,047-23-55.7000N,120-12-24.6000W
583,VUO,045-37-13.6300N,122-39-23.3600W
584,PUW,046-44-30.0900N,117-06-41.8300W
585,RNT,047-29-35.3000N,122-12-56.7000W
586,BVS,048-28-13.8900N,122-25-18.0800W
587,PAE,047-54-26.3500N,122-16-55.5400W
588,GEG,047-37-08.5000N,117-32-06.8000W
589,TIW,047-16-04.6000N,122-34-41.2000W
590,PSC,046-15-52.8500N,119-07-08.4900W
591,ALW,046-05-33.1500N,118-17-02.7000W
592,CLM,048-07-12.7000N,123-29-58.9000W
593,YKM,046-34-05.4000N,120-32-38.6000W
594,ATW,044-15-29.1400N,088-31-08.6600W
595,SUE,044-50-37.2000N,087-25-17.5000W
596,GRB,044-29-04.6800N,088-07-46.9700W
597,ENW,042-35-45.8300N,087-55-38.3600W
598,LSE,043-52-45.3600N,091-15-23.8800W
599,MWC,043-06-37.4000N,088-02-03.9000W
600,C35,043-31-33.2400N,089-58-59.6000W
601,Y51,043-34-46.7000N,090-53-51.8000W
602,MRB,039-24-08.4900N,077-58-58.8000W
603,I18,038-55-47.2000N,081-49-10.1000W
604,46U,043-10-54.5000N,111-02-18.6000W
605,CPR,042-54-21.1000N,106-27-49.1000W
606,CYS,041-09-20.3000N,104-48-37.7000W
607,EVW,041-16-29.2000N,111-02-04.7000W
608,LND,042-48-55.3800N,108-43-42.8300W
609,JAC,043-36-26.4000N,110-44-15.9000W
610,LAR,041-18-43.4000N,105-40-30.0000W
611,GCC,044-20-56.0700N,105-32-21.7200W
612,SHR,044-46-09.1000N,106-58-49.0000W
613,SAA,041-26-36.7000N,106-49-39.1000W
614,GEY,044-31-04.6000N,108-04-58.8000W
615,RKS,041-35-39.2000N,109-03-54.7000W
616,COD,044-31-12.7000N,109-01-25.7000W
617,CYXX,049-01-31.0000N,122-21-36.0000W
618,MYAF,024-41-52.5400N,077-47-44.4400W
619,MYAM,026-30-36.4600N,077-05-06.4200W
620,CYCD,049-03-16.0000N,123-52-12.0000W
621,CYYF,049-27-47.0000N,119-36-08.0000W
622,CYSU,046-26-26.0000N,063-50-01.0000W
623,CYQT,048-22-19.0000N,089-19-26.0000W
624,CZBB,049-04-27.0000N,123-00-27.0000W
625,CYVR,049-11-41.0000N,123-11-02.0000W
626,CYYJ,048-38-53.0100N,123-25-38.7900W
627,CYXY,060-42-34.0000N,135-04-02.0000W
